{
  "train_samples": 400,
  "test_samples": 100,
  "accuracy": 0.98,
  "weighted_f1": 0.9784761904761904,
  "cv_f1_mean": 0.9971666666666666,
  "cv_f1_std": 0.004907477288111856,
  "per_class": {
    "SAFE": {
      "precision": 1.0,
      "recall": 1.0,
      "f1": 1.0,
      "support": 74.0
    },
    "CAUTION": {
      "precision": 0.9444444444444444,
      "recall": 1.0,
      "f1": 0.9714285714285714,
      "support": 17.0
    },
    "FLOOD_RISK": {
      "precision": 0.8571428571428571,
      "recall": 0.8571428571428571,
      "f1": 0.8571428571428571,
      "support": 7.0
    },
    "FLASH_FLOOD_RISK": {
      "precision": 1.0,
      "recall": 0.5,
      "f1": 0.6666666666666666,
      "support": 2.0
    }
  },
  "confusion_matrix": [
    [
      74,
      0,
      0,
      0
    ],
    [
      0,
      17,
      0,
      0
    ],
    [
      0,
      1,
      6,
      0
    ],
    [
      0,
      0,
      1,
      1
    ]
  ],
  "feature_importances": {
    "water_level_cm": 0.06410667361789268,
    "pct_of_danger_threshold": 0.04715583911172138,
    "pct_of_alert_threshold": 0.07329795854518742,
    "hour": 0.0004295152374168358,
    "day_of_week": 0.0004488070535167236,
    "month": 0.0014156909896322141,
    "is_monsoon": 0.002393539021115017,
    "delta_1h": 0.12164645452489174,
    "delta_3h": 0.10744491294614865,
    "delta_6h": 0.08247455926240613,
    "delta_12h": 0.12620313145235917,
    "delta_24h": 0.09862798949506013,
    "slope_1h": 0.09751753933260932,
    "acceleration": 0.0038427256316426253,
    "level_mean_24h": 0.05334819437370656,
    "level_max_24h": 0.047881882493429555,
    "level_min_24h": 0.051677109532747366,
    "level_std_24h": 0.0009625009594281794,
    "submission_count_24h": 0.0017604732497008932,
    "site_flood_history_count": 0.005660660940610424,
    "river_type_encoded": 1.2652907116892458e-17,
    "rainfall_last_3h": 0.008830893613412917,
    "rainfall_last_24h": 0.001073878212394551,
    "forecast_rainfall_6h": 0.0017990704029696237
  },
  "trained_at": "2025-12-08T16:35:36.856327",
  "model_version": "1.0.0"
}